id,clean_text
1,community outreach programme supporting local family vulnerable group
2,funding constraint affecting long term sustainability service
3,volunteer engagement improved regular event training session
4,challenge coordinating resource across multiple location
5,strong focus mental health support wellbeing initiative
6,limited awareness among public available support service
7,successful collaboration local partner stakeholder
8,difficulty retaining volunteer beyond short term commitment
9,positive feedback beneficiary regarding accessibility service
10,operational challenge caused increasing demand limited staffing
11,education programme aimed skill development empowerment
12,concern around consistent funding grant availability
13,high engagement seasonal campaign awareness drive
14,need improved communication across team department
15,growing interest digital platform outreach engagement
16,support service expanded meet rising community need
17,volunteer training programme improved overall service quality
18,uncertainty around long term funding model
19,strong participation community led initiative
20,operational strain peak activity period
21,awareness campaign increased visibility support programme
22,challenge managing volunteer schedule availability
23,positive response new wellbeing focused service
24,limited resource impacting service delivery timeline
25,partnership helped extend reach underserved area
26,volunteer retention remains key challenge
27,demand service increased steadily year
28,funding delay affecting programme planning cycle
29,community feedback highlighted need clearer communication
30,improved coordination across team enhanced service efficiency
31,digital engagement channel showing promising growth
32,concern capacity meet future demand
33,volunteer led initiative strengthened community trust
34,operational improvement reduced processing delay
35,increased participation educational workshop
36,grant dependency creates uncertainty planning
37,public engagement improved targeted outreach
38,volunteer burnout observed intensive campaign
39,service accessibility improved location expansion
40,rising cost impacting operational sustainability
41,strong feedback responsiveness support team
42,volunteer recruitment effort require investment
43,seasonal demand pattern affecting resource allocation
44,positive outcome reported pilot programme
45,limited data visibility affecting decision making
46,community partnership enhanced service reach
47,volunteer satisfaction linked training opportunity
48,funding stability remains long term concern
49,operational process refined reduce manual effort
50,growing interest hybrid service delivery model
51,outreach initiative helped reach new audience
52,volunteer onboarding process streamlined successfully
53,concern around staff capacity peak period
54,increased engagement social medium campaign
55,funding diversification explored reduce risk
56,community workshop received positive participation
57,operational bottleneck identified audit
58,volunteer availability fluctuates across year
59,improved reporting supported better planning decision
60,awareness mental health service increased steadily
61,resource constraint impacting expansion plan
62,volunteer leadership role encouraged long term commitment
63,strong collaboration across cross functional team
64,funding uncertainty affect future programme scope
65,service delivery adapted changing community need
66,volunteer recognition initiative improved morale
67,operational resilience tested high demand period
68,targeted outreach improved engagement key group
69,grant application success rate varied across cycle
70,community trust strengthened consistent presence
71,volunteer participation higher local initiative
72,operational efficiency improved process review
73,funding gap identified long term projection
74,public feedback highlighted value personalised support
75,volunteer retention strategy require ongoing refinement
76,demand forecasting improved allocation resource
77,education focused programme gained wider adoption
78,operational reporting support leadership visibility
79,funding review highlighted reliance limited source
80,community engagement strengthened event
81,volunteer support network reduced attrition risk
82,service scalability constrained current infrastructure
83,positive sentiment observed around wellbeing initiative
84,operational alignment improved across department
85,funding planning requires scenario based analysis
86,volunteer training investment showed clear impact
87,community outreach expanded new region
88,service backlog increased peak demand
89,public awareness effort require sustained investment
90,volunteer satisfaction influenced flexible role
91,operational priority reviewed manage workload
92,funding uncertainty remains recurring theme
93,community driven initiative enhanced local ownership
94,volunteer contribution recognised annual review
95,service optimisation reduced response time
96,digital tool improved engagement tracking
97,funding strategy aligned long term goal
98,community survey informed service redesign
99,volunteer engagement metric improved gradually
100,operational capacity planning became data driven
101,outreach messaging refined based feedback
102,volunteer mentoring programme supported retention
103,service accessibility remains focus area
104,funding resilience improved diversification
105,community participation increased partnership
106,volunteer scheduling tool reduced conflict
107,operational insight supported strategic decision
108,public sentiment reflects trust service
109,funding transparency improved stakeholder confidence
110,community need assessment guided planning
111,volunteer development plan encouraged progression
112,operational learning incorporated future cycle
113,service innovation supported emerging need
114,funding challenge require adaptive planning
115,community engagement strategy reviewed regularly
116,volunteer wellbeing recognised priority
117,operational data quality improved consistency
118,public outreach effectiveness measured systematically
119,funding review informed resource prioritisation
120,community feedback continues shape service
