id,text
1,"Community outreach programmes supporting local families and vulnerable groups"
2,"Funding constraints affecting long term sustainability of services"
3,"Volunteer engagement has improved through regular events and training sessions"
4,"Challenges in coordinating resources across multiple locations"
5,"Strong focus on mental health support and wellbeing initiatives"
6,"Limited awareness among the public about available support services"
7,"Successful collaboration with local partners and stakeholders"
8,"Difficulty in retaining volunteers beyond short term commitments"
9,"Positive feedback from beneficiaries regarding accessibility of services"
10,"Operational challenges caused by increasing demand and limited staffing"
11,"Education programmes aimed at skill development and empowerment"
12,"Concerns around consistent funding and grant availability"
13,"High engagement during seasonal campaigns and awareness drives"
14,"Need for improved communication across teams and departments"
15,"Growing interest in digital platforms for outreach and engagement"
16,"Support services expanded to meet rising community needs"
17,"Volunteer training programmes improved overall service quality"
18,"Uncertainty around long term funding models"
19,"Strong participation in community led initiatives"
20,"Operational strain during peak activity periods"
21,"Awareness campaigns increased visibility of support programmes"
22,"Challenges managing volunteer schedules and availability"
23,"Positive response to new wellbeing focused services"
24,"Limited resources impacting service delivery timelines"
25,"Partnerships helped extend reach into underserved areas"
26,"Volunteer retention remains a key challenge"
27,"Demand for services has increased steadily over the year"
28,"Funding delays affecting programme planning cycles"
29,"Community feedback highlighted need for clearer communication"
30,"Improved coordination across teams enhanced service efficiency"
31,"Digital engagement channels showing promising growth"
32,"Concerns about capacity to meet future demand"
33,"Volunteer led initiatives strengthened community trust"
34,"Operational improvements reduced processing delays"
35,"Increased participation in educational workshops"
36,"Grant dependency creates uncertainty for planning"
37,"Public engagement improved through targeted outreach"
38,"Volunteer burnout observed during intensive campaigns"
39,"Service accessibility improved through location expansion"
40,"Rising costs impacting operational sustainability"
41,"Strong feedback on responsiveness of support teams"
42,"Volunteer recruitment efforts require further investment"
43,"Seasonal demand patterns affecting resource allocation"
44,"Positive outcomes reported from pilot programmes"
45,"Limited data visibility affecting decision making"
46,"Community partnerships enhanced service reach"
47,"Volunteer satisfaction linked to training opportunities"
48,"Funding stability remains a long term concern"
49,"Operational processes refined to reduce manual effort"
50,"Growing interest in hybrid service delivery models"
51,"Outreach initiatives helped reach new audiences"
52,"Volunteer onboarding process streamlined successfully"
53,"Concerns around staff capacity during peak periods"
54,"Increased engagement through social media campaigns"
55,"Funding diversification explored to reduce risk"
56,"Community workshops received positive participation"
57,"Operational bottlenecks identified during audits"
58,"Volunteer availability fluctuates across the year"
59,"Improved reporting supported better planning decisions"
60,"Awareness of mental health services increased steadily"
61,"Resource constraints impacting expansion plans"
62,"Volunteer leadership roles encouraged long term commitment"
63,"Strong collaboration across cross functional teams"
64,"Funding uncertainty affects future programme scope"
65,"Service delivery adapted to changing community needs"
66,"Volunteer recognition initiatives improved morale"
67,"Operational resilience tested during high demand periods"
68,"Targeted outreach improved engagement with key groups"
69,"Grant application success rates varied across cycles"
70,"Community trust strengthened through consistent presence"
71,"Volunteer participation higher in local initiatives"
72,"Operational efficiency improved through process reviews"
73,"Funding gaps identified in long term projections"
74,"Public feedback highlighted value of personalised support"
75,"Volunteer retention strategies require ongoing refinement"
76,"Demand forecasting improved allocation of resources"
77,"Education focused programmes gained wider adoption"
78,"Operational reporting supports leadership visibility"
79,"Funding reviews highlighted reliance on limited sources"
80,"Community engagement strengthened through events"
81,"Volunteer support networks reduced attrition risk"
82,"Service scalability constrained by current infrastructure"
83,"Positive sentiment observed around wellbeing initiatives"
84,"Operational alignment improved across departments"
85,"Funding planning requires scenario based analysis"
86,"Volunteer training investments showed clear impact"
87,"Community outreach expanded into new regions"
88,"Service backlog increased during peak demand"
89,"Public awareness efforts require sustained investment"
90,"Volunteer satisfaction influenced by flexible roles"
91,"Operational priorities reviewed to manage workload"
92,"Funding uncertainty remains a recurring theme"
93,"Community driven initiatives enhanced local ownership"
94,"Volunteer contribution recognised in annual reviews"
95,"Service optimisation reduced response times"
96,"Digital tools improved engagement tracking"
97,"Funding strategy aligned with long term goals"
98,"Community surveys informed service redesign"
99,"Volunteer engagement metrics improved gradually"
100,"Operational capacity planning became more data driven"
101,"Outreach messaging refined based on feedback"
102,"Volunteer mentoring programmes supported retention"
103,"Service accessibility remains a focus area"
104,"Funding resilience improved through diversification"
105,"Community participation increased through partnerships"
106,"Volunteer scheduling tools reduced conflicts"
107,"Operational insights supported strategic decisions"
108,"Public sentiment reflects trust in services"
109,"Funding transparency improved stakeholder confidence"
110,"Community needs assessments guided planning"
111,"Volunteer development plans encouraged progression"
112,"Operational learning incorporated into future cycles"
113,"Service innovation supported emerging needs"
114,"Funding challenges require adaptive planning"
115,"Community engagement strategies reviewed regularly"
116,"Volunteer wellbeing recognised as priority"
117,"Operational data quality improved consistency"
118,"Public outreach effectiveness measured systematically"
119,"Funding reviews informed resource prioritisation"
120,"Community feedback continues to shape services"
